{
    "AWSEBDockerrunVersion": 2,
    "containerDefinitions": [{
        "name": "api",
        "image": "$AWS_ACCOUNT_NUMBER.dkr.ecr.us-east-1.amazonaws.com/demo-docker-cicd:AWSAccount-26a4a8444ac5b15e054ebb9950cd98d41b59e801",
        "essential": true,
        "memory": 128,
        "environment": [{
            "name": "DJANGO_SETTINGS_MODULE",
            "value": "api.aws"
        }]
    },{
        "name": "api_proxy",
        "image": "$AWS_ACCOUNT_NUMBER.dkr.ecr.us-east-1.amazonaws.com/demo-docker-cicd:AWSAccount-26a4a8444ac5b15e054ebb9950cd98d41b59e801",
        "essential": true,
        "memory": 128,
        "links": ["api"],
        "portMappings": [{
            "hostPort": 80,
            "containerPort": 80
        }]
    }]
}
