{
    "AWSEBDockerrunVersion": 2,
    "containerDefinitions": [{
        "name": "api",
        "image": "443777457760.dkr.ecr.us-east-1.amazonaws.com/demo-docker-cicd:nginxserver-a35875c0971ad05b97a75523e825055866769b8b",
        "essential": true,
        "memory": 128,
        "environment": [{
            "name": "DJANGO_SETTINGS_MODULE",
            "value": "api.aws"
        }]
    },{
        "name": "api_proxy",
        "image": "443777457760.dkr.ecr.us-east-1.amazonaws.com/demo-docker-cicd:nginxserver-a35875c0971ad05b97a75523e825055866769b8b",
        "essential": true,
        "memory": 128,
        "links": ["api"],
        "portMappings": [{
            "hostPort": 80,
            "containerPort": 80
        }]
    }]
}
