{
    "AWSEBDockerrunVersion": 2,
    "containerDefinitions": [{
        "name": "api",
        "image": "443777457760.dkr.ecr.us-east-1.amazonaws.com/demo-docker-cicd:anudeep-c2a28da1e7e777654d0fc1ef83c2a6591ddaecd0",
        "essential": true,
        "memory": 128,
        "environment": [{
            "name": "DJANGO_SETTINGS_MODULE",
            "value": "api.aws"
        }]
    },{
        "name": "api_proxy",
        "image": "443777457760.dkr.ecr.us-east-1.amazonaws.com/demo-docker-cicd:anudeep-c2a28da1e7e777654d0fc1ef83c2a6591ddaecd0",
        "essential": true,
        "memory": 128,
        "links": ["api"],
        "portMappings": [{
            "hostPort": 80,
            "containerPort": 80
        }]
    }]
}
